FIELD NAME,DESCRIPTION,FIELD TYPE
CASE_STATUS,"Status associated with the last significant event or decision. Valid values include “Certified,” “Certified-Withdrawn,” Denied,” and “Withdrawn”.",Text
CASE_SUBMITTED_YEAR,Year the application was submitted.,Number
CASE_SUBMITTED_MONTH,Month the application was submitted.,Number
CASE_SUBMITTED_DAY,Day the application was submitted.,Number
VISA_CLASS,Indicates the type of temporary application submitted for processing. R = H-1B; A = E-3 Australian; C = H-1B1 Chile; S = H-1B1 Singapore. Also referred to as “Program” in prior years.,Text
EMPLOYER_NAME,Name of employer submitting labor condition application.,Text
EMPLOYER_COUNTRY,Country of the Employer requesting temporary labor certification,Text
EMPLOYER_STATE,State of the Employer requesting temporary labor certification,Text
SOC_NAME,Occupational name associated with the SOC_CODE,Text
DECISION_YEAR,Year on which the last significant event or decision was recorded by the Chicago National Processing Center.,Number
DECISION_MONTH,Month on which the last significant event or decision was recorded by the Chicago National Processing Center.,Number
DECISION_DAY,Day on which the last significant event or decision was recorded by the Chicago National Processing Center.,Number
TOTAL_WORKERS,Total number of foreign workers requested by the Employer(s),Number
FULL_TIME_POSITION,Y = Full Time Position; N = Part Time Position,Text
PREVAILING_WAGE,Prevailing Wage for the job being requested for temporary labor condition.,Number
PW_UNIT_OF_PAY,"Unit of Pay. Valid values include “Daily (DAI),” “Hourly (HR),” “Bi-weekly (BI),” “Weekly (WK),” “Monthly (MTH),” and “Yearly (YR)”",Text
PW_SOURCE,"Variables include ""OES"", ""CBA"", ""DBA"", ""SCA"" or ""Other""",Text
PW_SOURCE_YEAR,Year the Prevailing Wage Source was Issued,Number
PW_SOURCE_OTHER,"If ""Other Wage Source"", provide the source of wage",Text
WAGE_RATE_OF_PAY_FROM,Employer’s proposed wage rate,Number
WAGE_RATE_OF_PAY_TO,Maximum proposed wage rate,Number
WAGE_UNIT_OF_PAY,"Unit of pay. Valid values include “Hour"", ""Week"", ""Bi-Weekly"", ""Month"", or ""Year""",Text
H-1B_DEPENDENT,Y = Employer is H-1B Dependent; N = Employer is not H-1B Dependent,Text
WILLFUL_VIOLATOR,Y = Employer has been previously found to be a Willful Violator; N = Employer has not been considered a Willful Violator,Text
WORKSITE_STATE,State information of the foreign worker's intended area of employment,Text
NAICS_CODE,"Industry code associated with the employer requesting permanent labor condition, as classified by the North American Industrial Classification System (NAICS)",Number
WORKSITE_POSTAL_CODE,Zip Code information of the foreign worker's intended area of employment,Number